{
	"id": "NixDeckSkins1",
	"name": "Nix's Deck Skins - Series 1",
	"author": ["nixthatoneartist"],
	"description": "Featuring several deck skins based off Nix and other media she is associated with, with artwork by her. The characters in the Diamonds are by ashurii.xyz, guymbagoomba, and Chase2006 respectively, the characters in the Hearts Pack are by .king_freddy, and the characters in the Clubs are from Deltarune Chapter 4, (so spoilers if you haven't played yet.) All other visual assets and characters belong to or were created by nixthatoneartist/the mod creator",
	"prefix": "nixdeck",
	"badge_colour": "fc8048",
	"dependencies": [
		"Steamodded (>=1.0.0~ALPHA-1404b)"
	],
	"main_file": "skins.lua",
	"version": "1.0.0"
}
